Hari;Shyam;Jenny;Cecilia Chapman,711-2880 Nulla St.Mankato,Mississippi 96522, (257) 563-7401;001-541-754;C986357,M980687,L983270,C980747,M987151,L981146,C985233,M972256,L975417,M981874,L985823,C981822,M982530,L988603,C972764,M977387,L986143,C978618,M987227,L983622,C975838,M981075,L985823,C985438,M973831,L988112,C975378,M985755,L975556,C980715,C976583,C976187,C977152,C970146,C981032,C981278,C980865,C976411,C977343,C973765,C970132,C970417,C973803,M983431,M981374,M982346,M981136,M976331,M987628,M972650,M987740,M982332,M986777,M985842,M975275,M974460,C976124,M971362,M975326,M970157,M985085,M986570,M984155,M986731,M986178,M985128,M982014,M987428,M983223
Shyam;Ram;Rita;Celeste Slater,606-3727 Ullamcorper. Street,Roseville NH 11523,(786) 713-8616;1-541-754-3010;C975255,M970850,L987526,C981867,M987740,L974004,C970146,M988135,L982822,C985438,M972761,L984308,C980747,M982332,L982121,C984350,M984838,L975556,C972640,M981075,L986622,C984416,M981021,L981407,C970112,M972605,L985072,C973765,M987428,L981075
ew;ewwe;we;we;we;C970840,C982228,C980603,C988584,C980580,C982754,C985505,C984416,C988215,C987887,M977715,M975413,M975538,M978308,M971076,M976487,M977730,M973413,M973534,M976523
Ananya;sita;Akrity;Celeste Slater,606-3727 Ullamcorper. Street,Roseville NH 11523,(786) 713-8616;1-541-754-3010;C972514,M984435,L984870,C970311,M988344,L975556,C975238,M982014,L982574,C988584,M982724,L973881,C976583,M978135,L976715,C970417,M973000,L986622,C975238,M973000,L982887,C970840,M970825,L981075,C980580,M986842,L975378,C984416,M973085,L987731
Akansa;Ram;Akrity;Cecilia Chapman,711-2880 Nulla St.Mankato,Mississippi 96522, (257) 563-7401;1-541-754-3010;C973218,M975413,L978411,C985176,M987740,L980086,C980603,M984103,L983586,C977247,M986178,L981852,C973448,M977730,L988833,C981600,M973085,L973040,C985615,M988765,L975817,C976810,M978508,L975417,C974562,M988262,L987608,C988643,M982724,L988833
ram@temple.com;Ananya;Hari;Celeste Slater,606-3727 Ullamcorper. Street,Roseville NH 11523,(786) 713-8616;1-541-754-3010;C985505,M974460,L978231,C972416,M975386,L985136,C972457,M986842,L983586,C975378,M988344,L988382,C973218,M980687,L976716,C981600,M970850,L985285,C976187,M986777,L971640,C981867,M985755,L981075,C982868,M985128,L982288,C981853,M986777,L980086
sita@jungle.com;Ananya;Ananya;Cecilia Chapman,711-2880 Nulla St.Mankato,Mississippi 96522, (257) 563-7401;001-541-754;C976411,M985711,L981863,C973765,M984713,L988106,C988813,M986842,L988106,C976020,M978180,L976715,C973218,M978135,L986371,C970417,M980662,L984308,C981278,M985128,L981863,C973803,M986286,L983813,C970210,M977715,L981407,C972514,M986104,L988106
jjj;mmm;None;None;None;
gopal;Ananya;Gita;Cecilia Chapman,711-2880 Nulla St.Mankato,Mississippi 96522, (257) 563-7401;1-541-754-3010;C971124,M976487,L981852,C977247,M978135,L972355,C980580,M978101,L975276,C977280,M982014,L971252,C987483,M982332,L987613,C976020,M977387,L976144,C980828,M971362,L971623,C976124,M988135,L984308,C978265,M973534,L987802,C984416,M985085,L971664,C976472,C970112,C976735,C973861,C971327,C972416,C985176,C982451,C982335,C975254,C973110,C974562,C975255
Ram;Hari;Ananya;Cecilia Chapman,711-2880 Nulla St.Mankato,Mississippi 96522, (257) 563-7401;191 541 754 3010;C975365,M975275,L975817,C970311,M980687,L976715,C988886,M987428,L982574,C988643,M975275,L978231,C978732,M981136,L985072,C970146,M984628,L987526,C975238,M985711,L973881,C985615,M971860,L972041,C984416,M982014,L971664,C976411,M982346,L971386
ds;ds;sd;sd;sd;C974188,C978265
